year_month,platform,mau,rank
2004_02,Friendster,"4,500,000",1
2004_02,Orkut,500000,2
2004_02,MySpace,370000,3
2004_03,Friendster,"5,241,578",1
2004_03,Orkut,"1,685,648",2
2004_03,Flickr,862000,3
2004_03,MySpace,430703,4
2004_03,Facebook,135490,5
2004_04,Friendster,5537775,1
2004_04,Orkut,3008194,2
2004_04,Flickr,2016081,3
2004_04,MySpace,649431,4
2004_04,Facebook,388321,5
2004_05,Friendster,5740594,1
2004_05,Orkut,3913796,2
2004_05,Flickr,2806328,3
2004_05,MySpace,799204,4
2004_05,Facebook,561445,5
2004_06,Friendster,5979974,1
2004_06,Orkut,4878554,2
2004_06,Flickr,3599151,3
2004_06,MySpace,1644691,4
2004_06,Facebook,973393,5
2004_06,Friendster,5916284,1
2004_06,Orkut,4657329,2
2004_06,Flickr,3435862,3
2004_06,MySpace,1191935,4
2004_06,Facebook,793063,5
2004_07,Friendster,6043663,1
2004_07,Orkut,5099780,2
2004_07,Flickr,3762441,3
2004_07,MySpace,2097447,4
2004_07,Facebook,1153723,5
2004_07,Hi5,357020,6
2004_08,Friendster,6171042,1
2004_08,Orkut,5542231,2
2004_08,Flickr,4089020,3
2004_08,MySpace,3002959,4
2004_08,Facebook,1514384,5
2004_08,Hi5,990466,6
2004_09,Friendster,6362111,1
2004_09,Orkut,6205907,2
2004_09,Flickr,4578990,3
2004_09,MySpace,4361226,4
2004_09,Facebook,2055374,5
2004_09,Hi5,1940635,6
2004_10,Orkut,6648358,1
2004_10,Friendster,6489490,2
2004_10,MySpace,5266738,3
2004_10,Flickr,4905469,4
2004_10,Hi5,2574081,5
2004_10,Facebook,2416034,6
2004_11,Orkut,7018445,1
2004_11,Friendster,6596036,2
2004_11,MySpace,6024150,3
2004_11,Flickr,5178635,4
2004_11,Hi5,3103925,5
2004_11,Facebook,2717707,6
2004_12,Orkut,7598586,1
2004_12,MySpace,7550842,2
2004_12,Friendster,6764699,3
2004_12,Flickr,5614291,4
2004_12,Hi5,4076799,5
2004_12,Facebook,3248788,6
2005_01,MySpace,9244324,1
2005_01,Orkut,7869961,2
2005_01,Friendster,6848340,3
2005_01,Flickr,5839563,4
2005_01,Hi5,4942507,5
2005_01,Facebook,3665108,6
2005_02,MySpace,12631287,1
2005_02,Orkut,8412712,2
2005_02,Friendster,7015620,3
2005_02,Hi5,6673921,4
2005_02,Flicker,6290106,5
2005_02,Facebook,4497749,6
2005_03,MySpace,13400725,1
2005_03,Orkut,8550587,2
2005_03,Friendster,7058035,3
2005_03,Hi5,7053365,4
2005_03,Flickr,6397539,5
2005_03,Facebook,4680777,6
2005_03,Youtube,453936,7
2005_04,MySpace,15306166,1
2005_04,Orkut,8975612,2
2005_04,Hi5,7913349,3
2005_04,Friendster,7188381,4
2005_04,Flickr,6692719,5
2005_04,Facebook,5098889,6
2005_04,Youtube,896835,7
2005_05,MySpace,16576460,1
2005_05,Orkut,9258961,2
2005_05,Hi5,8486671,3
2005_05,Friendster,7275278,4
2005_05,Flickr,6889505,5
2005_05,Facebook,5377630,6
2005_05,Youtube,1192101,7
2005_06,MySpace,17985515,1
2005_06,Orkut,9565295,2
2005_06,Hi5,9106548,3
2005_06,Friendster,7368746,4
2005_06,Flickr,7115775,5
2005_06,Facebook,56805454,6
2005_06,Youtube,1529992,7
2005_07,MySpace,23884879,1
2005_07,Hi5,11115231,2
2005_07,Orkut,10528124,3
2005_07,Flickr,8200538,4
2005_07,Friendster,7644172,5
2005_07,Facebook,6658186,6
2005_07,Youtube,3279133,7
2005_07,Reddit,22874,8
2005_08,MySpace,25103827,1
2005_08,Hi5,11444141,2
2005_08,Orkut,10673563,3
2005_08,Flickr,8409940,4
2005_08,Friendster,7681950,5
2005_08,Facebook,6804510,6
2005_08,Youtube,3679676,7
2005_08,Reddit,30341,8
2005_09,MySpace,28760669,1
2005_09,Hi5,12430872,2
2005_09,Orkut,11109880,3
2005_09,Flickr,9038148,4
2005_09,Friendster,7795282,5
2005_09,Facebook,7243481,6
2005_09,Youtube,4881304,7
2005_09,Reddit,52745,8
2005_10,MySpace,32417511,1
2005_10,Hi5,13417602,2
2005_10,Orkut,11546197,3
2005_10,Flickr,9666355,4
2005_10,Friendster,7908615,5
2005_10,Facebook,7682453,6
2005_10,Youtube,6082932,7
2005_10,Reddit,75148,8
2005_11,MySpace,33636458,1
2005_11,Hi5,13746513,2
2005_11,Orkut,11691636,3
2005_11,Flickr,9875757,4
2005_11,Friendster,7946393,5
2005_11,Facebook,7828777,6
2005_11,Youtube,6483474,7
2005_11,Reddit,82616,8
2005_12,MySpace,37312447,1
2005_12,Hi5,14728768,2
2005_12,Orkut,12131207,3
2005_12,Flickr,10529655,4
2005_12,Facebook,8288033,5
2005_12,Friendster,8062977,6
2005_12,Youtube,7821416,7
2005_12,Reddit,105938,8
2006_01,MySpace,39920110,1
2006_01,Hi5,15402410,2
2006_01,Orkut,12445355,3
2006_01,Flickr,11047298,4
2006_01,Youtube,9082685,5
2006_01,Facebook,8657001,6
2006_01,Friendster,8152060,7
2006_01,Reddit,124406,8
2006_02,MySpace,42932877,1
2006_02,Hi5,16180704,2
2006_02,Orkut,12808307,3
2006_02,Flickr,11645357,4
2006_02,Youtube,10539895,5
2006_02,Facebook,9083288,6
2006_02,Friendster,8254982,7
2006_02,Reddit,145744,8
2006_03,MySpace,46047915,1
2006_03,Hi5,17002084,2
2006_03,Orkut ,13202029,3
2006_03,Flickr,12289470,4
2006_03,Youtube,12147659,5
2006_03,Facebook,9556650,6
2006_03,Friendster,8369903,7
2006_03,Reddit,168495,8
2006_04,MySpace,49482990,1
2006_04,Hi5,18027420,2
2006_04,Youtube,14844243,3
2006_04,Orkut,13780359,4
2006_04,Flickr,13206915,5
2006_04,Facebook,10405288,6
2006_04,Friendster,8585631,7
2006_04,Reddit,197601,8
2006_04,Twitter/X,71086,9
2006_05,MySpace,51462936,1
2006_05,Youtube,18850301,2
2006_05,Hi5,18825959,3
2006_05,Orkut,14414433,4
2006_05,Flickr,14191141,5
2006_05,Facebook,11858030,6
2006_05,Friendster,8984102,7
2006_05,Reddit,217367,8
2006_05,Twitter/X,209996,9
2006_06,MySpace,54264494,1
2006_06,Youtube,24518738,2
2006_06,Hi5,19955863,3
2006_06,Flickr,15583787,4
2006_06,Orkut,15311627,5
2006_06,Facebook,13913610,6
2006_06,Friendster,9547924,7
2006_06,Twitter/X,406550,8
2006_06,Reddit,245335,9
2006_07,MySpace,55389158,1
2006_07,Youtube,26794288,2
2006_07,Hi5,20409455,3
2006_07,Flickr,16142854,4
2006_07,Orkut,15671799,5
2006_07,Facebook,14738808,6
2006_07,Friendster,9774266,7
2006_07,Twitter/X,485455,8
2006_07,Reddit,256563,9
2006_08,MySpace,57638485,1
2006_08,Youtube,31345389,2
2006_08,Hi5,21316638,3
2006_08,Flickr,17260988,4
2006_08,Orkut,16392142,5
2006_08,Facebook,16389202,6
2006_08,Friendster,10226950,7
2006_08,Twitter/X,643265,8
2006_08,Reddit,279018,9
2006_09,MySpace,59693912,1
2006_09,Youtube,38597629,2
2006_09,Hi5,22189430,3
2006_09,Facebook,19128637,4
2006_09,Flickr,18635846,5
2006_09,Orkut,17256413,6
2006_09,Friendster,11021056,7
2006_09,Twitter/X,862432,8
2006_09,Reddit,299984,9
2006_10,MySpace,61414801,1
2006_10,Youtube,50510143,2
2006_10,Facebook,23746994,3
2006_10,Hi5,23002890,4
2006_10,Flickr,20453627,5
2006_10,Orkut,18369004,6
2006_10,Friendster,12404217,7
2006_10,Twitter/X,1187458,8
2006_10,Reddit,318380,9
2006_11,MySpace,62275246,1
2006_11,Youtube,56466399,2
2006_11,Facebook,26056173,3
2006_11,Hi5,23409619,4
2006_11,Flickr,21362518,5
2006_11,Orkut,18925299,6
2006_11,Friendster,13095797,7
2006_11,Twitter/X,1349972,8
2006_11,Reddit,327577,9
2006_12,Youtube,68584707,1
2006_12,MySpace,63870787,2
2006_12,Facebook,30725406,3
2006_12,Hi5,24212243,4
2006_12,Flickr,23099020,5
2006_12,Orkut,20039009,6
2006_12,Friendster,14523400,7
2006_12,Twitter/X,1687506,8
2006_12,Reddit,346079,9
2007_01,Youtube,81386277,1
2007_01,MySpace,65050153,2
2007_01,Facebook,35563550,3
2007_01,Hi5,24978892,4
2007_01,Flickr,24565662,5
2007_01,Orkut,21156437,6
2007_01,Friendster,16098558,7
2007_01,Twitter/X,2066570,8
2007_01,Reddit,364930,9
2007_02,Youtube,94187847,1
2007_02,MySpace,66229520,2
2007_02,Facebook,40401694,3
2007_02,Flickr,26032304,4
2007_02,Hi5,25745541,5
2007_02,Orkut,22273865,6
2007_02,Friendster,17673716,7
2007_02,Twitter/X,2445634,8
2007_02,Reddit,383782,9
2007_03,Youtube,100735615,1
2007_03,MySpace,66789653,2
2007_03,Facebook,42843793,3
2007_03,Flickr,26715675,4
2007_03,Hi5,26158745,5
2007_03,Orkut,22853082,6
2007_03,Friendster,18491968,7
2007_03,Twitter/X,2649479,8
2007_03,Reddit,394254,9
2007_03,Tumblr,102069,10
2007_04,Youtube,115068001,1
2007_04,MySpace,67661261,2
2007_04,Facebook,47921761,3
2007_04,Flickr,27662096,4
2007_04,Hi5,27236590,5
2007_04,Orkut,24184051,6
2007_04,Friendster,20386581,7
2007_04,Twitter/X,3177613,8
2007_04,Reddit,423997,9
2007_04,Tumblr,331921,10
2007_05,Youtube,129400387,1
2007_05,MySpace,68532869,2
2007_05,Facebook,52999728,3
2007_05,Flickr,28608517,4
2007_05,Hi5,28314434,5
2007_05,Orkut,25515021,6
2007_05,Friendster,22281194,7
2007_05,Twitter/X,3705746,8
2007_05,Tumblr,561772,9
2007_05,Reddit,453741,10
2007_06,Youtube,142939781,1
2007_06,MySpace,69212641,2
2007_06,Facebook,57398067,3
2007_06,Hi5,29683216,4
2007_06,Flickr,29183530,5
2007_06,Orkut,29604717,6
2007_06,Friendster,24306065,7
2007_06,Twitter/X,4261436,8
2007_06,Tumblr,881424,9
2007_06,Reddit,496754,10
2007_07,Youtube,155550357,1
2007_07,MySpace,69667720,2
2007_07,Facebook,61000368,3
2007_07,Hi5,31392768,4
2007_07,Flickr,29323518,5
2007_07,Orkut,28363199,6
2007_07,Friendster,26483505,7
2007_07,Twitter/X,4849400,8
2007_07,Tumblr,1306257,9
2007_07,Reddit,555310,10
2007_08,Youtube,161855646,1
2007_08,MySpace,69895259,2
2007_08,Facebook,62801519,3
2007_08,Hi5,32247544,4
2007_08,Flickr,29393513,5
2007_08,Orkut,29092440,6
2007_08,Friendster,27572225,7
2007_08,Twitter/X,5143382,8
2007_08,Tumblr,1518674,9
2007_08,Reddit,584588,10
2007_09,Youtube,175753611,1
2007_09,MySpace,70338552,2
2007_09,Facebook,66420810,3
2007_09,Hi5,34498960,4
2007_09,Orkut,30805601,5
2007_09,Friendster,30241411,6
2007_09,Flickr,29505200,7
2007_09,Twitter/X,5818595,8
2007_09,Tumblr,2076632,9
2007_09,Reddit,673425,10
2007_10,Youtube,192324173,1
2007_10,MySpace,70757378,2
2007_10,Facebook,70075372,3
2007_10,Hi5,37875273,4
2007_10,Friendster,33931449,5
2007_10,Orkut,33047470,6
2007_10,Flickr,29558133,7
2007_10,Twitter/X,6672933,8
2007_10,Tumblr,2910956,9
2007_10,Reddit,825121,10
2007_11,Youtube,208894734,1
2007_11,Facebook,73729934,2
2007_11,MySpace,71176203,3
2007_11,Hi5,41251586,4
2007_11,Friendster,37621488,5
2007_11,Orkut,35289340,6
2007_11,Flickr,29611066,7
2007_11,Twitter/X,7531272,8
2007_11,Tumblr,3745280,9
2007_11,Reddit,976818,10
2007_12,Youtube,217180015,1
2007_12,Facebook,75557214,2
2007_12,MySpace,71385616,3
2007_12,Hi5,42939743,4
2007_12,Friendster,39466507,5
2007_12,Orkut,36410275,6
2007_12,Flickr,29637532,7
2007_12,Twitter/X,7959441,8
2007_12,Tumblr,4162442,9
2007_12,Reddit,1052666,10
2008_01,Youtube,239642267,1
2008_01,Facebook,81602878,2
2008_01,MySpace,71806883,3
2008_01,Hi5,46995694,4
2008_01,Friendster,43630911,5
2008_01,Orkut,39076823,6
2008_01,Flickr,29724577,7
2008_01,Twitter/X,9271446,8
2008_01,Tumblr,5599814,9
2008_01,Reddit,1288603,10
2008_02,Youtube,246452127,1
2008_02,Facebook,83777700,2
2008_02,MySpace,71888718,3
2008_02,Hi5,48062195,4
2008_02,Friendster,44631052,5
2008_02,Orkut,39768582,6
2008_02,Flickr,29755755,7
2008_02,Twitter/X,9716565,8
2008_02,Tumblr,6131557,9
2008_02,Reddit,1369623,10
2008_03,Youtube,253261987,1
2008_03,Facebook,85952523,2
2008_03,MySpace,71970552,3
2008_03,Hi5,49128696,4
2008_03,Friendster,45631194,5
2008_03,Orkut,40460341,6
2008_03,Flickr,29786934,7
2008_03,Twitter/X,10161683,8
2008_03,Tumblr,6663300,9
2008_03,Reddit,1450644,10
2008_04,Youtube,266881708,1
2008_04,Facebook,90302169,2
2008_04,MySpace,72134221,3
2008_04,Hi5,51261698,4
2008_04,Friendster,47631477,5
2008_04,Orkut,41843859,6
2008_04,Flickr,29849292,7
2008_04,Twitter/X,11051921,8
2008_04,Tumblr,7726786,9
2008_04,Reddit,1612685,10
2008_05,Youtube,280501428,1
2008_05,Facebook,94651814,2
2008_05,MySpace,72297890,3
2008_05,Hi5,53394700,4
2008_05,Friendster,49631760,5
2008_05,Orkut,43227377,6
2008_05,Flickr,29911649,7
2008_05,Twitter/X,11942158,8
2008_05,Tumblr,8790272,9
2008_05,Reddit,1774726,10
2008_06,Youtube,293982765,1
2008_06,Facebook,101288491,2
2008_06,MySpace,72363627,3
2008_06,Hi5,54848204,4
2008_06,Friendster,50483257,5
2008_06,Orkut,44232790,6
2008_06,Flickr,30143130,7
2008_06,Twitter/X,12928007,8
2008_06,Tumblr,10032486,9
2008_06,Reddit,1935854,10
2008_07,Youtube,307271998,1
2008_07,Facebook,111100032,2
2008_07,MySpace,72293414,3
2008_07,Hi5,55358426,4
2008_07,Friendster,49740007,5
2008_07,Orkut,44713317,6
2008_07,Flickr,30609387,7
2008_07,Twitter/X,14046584,8
2008_07,Tumblr,11522810,9
2008_07,Reddit,2095713,10
2008_08,Youtube,313916614,1
2008_08,Facebook,116005802,2
2008_08,MySpace,72258307,3
2008_08,Hi5,55613537,4
2008_08,Friendster,49368382,5
2008_08,Orkut,44953580,6
2008_08,Flickr,30842516,7
2008_08,Twitter/X,14605872,8
2008_08,Tumblr,12267972,9
2008_08,Reddit,2175642,10
2008_09,Youtube,332301819,1
2008_09,Facebook,134919611,2
2008_09,MySpace,72042334,3
2008_09,Hi5,56178211,4
2008_09,Friendster,47098429,5
2008_09,Orkut,45503934,6
2008_09,Flickr,32013520,7
2008_09,Twitter/X,16270155,8
2008_09,Tumblr,14567907,9
2008_09,Reddit,2402690,10
2008_10,Youtube,337957854,1
2008_10,Facebook,142504225,2
2008_10,MySpace,71936592,3
2008_10,Hi5,56305232,4
2008_10,Friendster,45989458,5
2008_10,Orkut,45635398,6
2008_10,Flickr,32547707,7
2008_10,Twitter/X,16820773,8
2008_10,Tumblr,15354210,9
2008_10,Reddit,2474487,10
2008_11,Youtube,343613890,1
2008_11,Facebook,150088839,2
2008_11,MySpace,71830850,3
2008_11,Hi5,56432252,4
2008_11,Orkut,45766863,5
2008_11,Friendster,44880487,6
2008_11,Flickr,33081894,7
2008_11,Twitter/X,17371391,8
2008_11,Tumblr,16140513,9
2008_11,Reddit,2546284,10
2008_12,Youtube,354925962,1
2008_12,Facebook,165258067,2
2008_12,MySpace,71619366,3
2008_12,Hi5,56686292,4
2008_12,Orkut,46029792,5
2008_12,Friendster,42662545,6
2008_12,Flickr,34150267,7
2008_12,Twitter/X,18472628,8
2008_12,Tumblr,17713119,9
2008_12,Reddit,2689877,10
2009_01,Youtube,371220915,1
2009_01,Facebook,191948324,2
2009_01,MySpace,71299951,3
2009_01,Hi5,57030453,4
2009_01,Orkut,46398847,5
2009_01,Friendster,39060609,6
2009_01,Flickr,36023777,7
2009_01,Tumblr,20456765,8
2009_01,Twitter/X,20320018,9
2009_01,Reddit,2961482,10
2009_02,Youtube,376439452,1
2009_02,Facebook,202091303,2
2009_02,MySpace,71192787,3
2009_02,Hi5,57133491,4
2009_02,Orkut,46513844,5
2009_02,Friendster,37772894,6
2009_02,Flickr,36734060,7
2009_02,Tumblr,21493117,8
2009_02,Twitter/X,20997720,9
2009_02,Reddit,3069814,10
2009_03,Youtube,381657990,1
2009_03,Facebook,212234281,2
2009_03,MySpace,71085623,3
2009_03,Hi5,57236530,4
2009_03,Orkut,46628841,5
2009_03,Flickr,37444342,6
2009_03,Friendster,36485179,7
2009_03,Tumblr,22529469,8
2009_03,Twitter/X,21675422,9
2009_03,Reddit,3178146,10
2009_04,Youtube,397313602,1
2009_04,Facebook,242663216,2
2009_04,MySpace,70764131,3
2009_04,Hi5,57545644,4
2009_04,Orkut,46973831,5
2009_04,Flickr,39575190,6
2009_04,Friendster,32622034,7
2009_04,Tumblr,25638525,8
2009_04,QZone,25398428,9
2009_04,Twitter/X,23708527,10
2009_05,Youtube,402532140,1
2009_05,Facebook,252806195,2
2009_05,MySpace,70656967,3
2009_05,Hi5,57648682,4
2009_05,Orkut,47088827,5
2009_05,Flickr,40285473,6
2009_05,QZone,37242897,7
2009_05,Friendster,31334319,8
2009_05,Tumblr,26674877,9
2009_05,Twitter/X,24386229,10
2009_06,Youtube,414806103,1
2009_06,Facebook,285731136,2
2009_06,MySpace,70306801,3
2009_06,Hi5,58004692,4
2009_06,QZone,49240870,5
2009_06,Orkut,47511854,6
2009_06,Flickr,42297664,7
2009_06,Tumblr,30308071,8
2009_06,Friendster,28534918,9
2009_06,Twitter/X,26654826,10
2009_07,Youtube,418096439,1
2009_07,Facebook,297297325,2
2009_07,MySpace,70183287,3
2009_07,Hi5,58134470,4
2009_07,QZone,53240195,5
2009_07,Orkut,47671347,6
2009_07,Flickr,42940289,7
2009_07,Tumblr,31643283,8
2009_07,Friendster,27853745,9
2009_07,Twitter/X,27466805,10
2009_08,Youtube,424677112,1
2009_08,Facebook,320429704,2
2009_08,MySpace,69936260,3
2009_08,QZone,61238843,4
2009_08,Hi5,58394025,5
2009_08,Orkut,47990333,6
2009_08,Flickr,44225540,7
2009_08,Tumblr,34313709,8
2009_08,Twitter/X,29090762,9
2009_08,Friendster,26491399,10
2009_09,Youtube,427967448,1
2009_09,Facebook,331995894,2
2009_09,MySpace,69812746,3
2009_09,QZone,65238168,4
2009_09,Hi5,58523803,5
2009_09,Orkut,48149826,6
2009_09,Flickr,44868165,7
2009_09,Tumblr,35648921,8
2009_09,Twitter/X,29902740,9
2009_09,Friendster,25810226,10
2009_10,Youtube,434548121,1
2009_10,Facebook,355128273,2
2009_10,QZone,73236817,3
2009_10,MySpace,69565719,4
2009_10,Hi5,58783358,5
2009_10,Orkut,48468812,6
2009_10,Flickr,46153415,7
2009_10,Tumblr,38319347,8
2009_10,Twitter/X,31526697,9
2009_10,Friendster,24447879,10
2009_11,Youtube,441128794,1
2009_11,Facebook,378260652,2
2009_11,QZone,81235466,3
2009_11,MySpace,69318692,4
2009_11,Hi5,59042913,5
2009_11,Orkut,48787797,6
2009_11,Flickr,47438666,7
2009_11,Tumblr,40989772,8
2009_11,Twitter/X,33150654,9
2009_11,Friendster,23085533,10
2009_12,Youtube,444419130,1
2009_12,Facebook,389826842,2
2009_12,QZone,85234790,3
2009_12,MySpace,69195178,4
2009_12,Hi5,59172691,5
2009_12,Orkut,48947290,6
2009_12,Flickr,48081291,7
2009_12,Tumblr,42324985,8
2009_12,Twitter/X,33962633,9
2009_12,Friendster,22404360,10
2010_01,Youtube,450909966,1
2010_01,Facebook,412837583,2
2010_01,QZone,"93,233,439",3
2010_01,MySpace,"68,960,227",4
2010_01,Hi5,59402557,5
2010_01,Flickr,49337368,6
2010_01,Orkut,49231550,7
2010_01,Tumblr,45035011,8
2010_01,Twitter/X,35589985,9
2010_01,Friendster,21146844,10
2010_02,Youtube,457095734,1
2010_02,Facebook,435435267,2
2010_02,QZone,101317939,3
2010_02,MySpace,68766287,4
2010_02,Hi5,59531606,5
2010_02,Flickr,50494377,6
2010_02,Orkut,49397887,7
2010_02,Tumblr,47879517,8
2010_02,Twitter/X,37228867,9
2010_02,Friendster,20245308,10
2010_03,Youtube,463281502,1
2010_03,Facebook,458032951,2
2010_03,QZone,109562577,3
2010_03,MySpace,68572347,4
2010_03,Hi5,59660654,5
2010_03,Flickr,51651385,6
2010_03,Tumblr,50724023,7
2010_03,Orkut,49564225,8
2010_03,Twitter/X,38867748,9
2010_03,Friendster,19343772,10
2010_04,Facebook,469331793,1
2010_04,Youtube,466374386,2
2010_04,QZone,113684896,3
2010_04,MySpace,68475376,4
2010_04,Hi5,59725178,5
2010_04,Flickr,52229890,6
2010_04,Tumblr,52146276,7
2010_04,Orkut,49647393,8
2010_04,Twitter/X,39687189,9
2010_04,Friendster,18893004,10
2010_05,Facebook,491929477,1
2010_05,Youtube,472560153,2
2010_05,QZone,121929534,3
2010_05,MySpace,68281436,4
2010_05,Hi5,59854227,5
2010_05,Tumblr,54990781,6
2010_05,Flickr,53386898,7
2010_05,Orkut,49813731,8
2010_05,Twitter/X,41326071,9
2010_05,Friendster,17991468,10
2010_06,Facebook,514626591,1
2010_06,Youtube,479883261,2
2010_06,QZone,130174172,3
2010_06,MySpace,68075670,4
2010_06,Hi5,59841491,5
2010_06,Tumblr,57951258,6
2010_06,Flickr,54542803,7
2010_06,Orkut,49914909,8
2010_06,Twitter/X,43159162,9
2010_06,Weibo,19201959,10
2010_07,Facebook,537521031,1
2010_07,Youtube,489463468,2
2010_07,QZone,138418810,3
2010_07,MySpace,67846437,4
2010_07,Tumblr,61141886,5
2010_07,Hi5,59547378,6
2010_07,Flickr,55696518,7
2010_07,Orkut,49886777,8
2010_07,Twitter/X,45377671,9
2010_07,Weibo,21569766,10
2010_08,Facebook,560948605,1
2010_08,Youtube,501809757,2
2010_08,QZone,146663448,3
2010_08,MySpace,67610712,4
2010_08,Tumblr,64525748,5
2010_08,Hi5,58582071,6
2010_08,Flickr,56846808,7
2010_08,Orkut,49757806,8
2010_08,Twitter/X,48781274,9
2010_08,Weibo,24128101,10
2010_09,Facebook,584765283,1
2010_09,Youtube,516174847,2
2010_09,QZone,154908086,3
2010_09,Tumblr,68050643,4
2010_09,MySpace,67370249,5
2010_09,Flickr,57994599,6
2010_09,Hi5,57126899,7
2010_09,Twitter/X,53049807,8
2010_09,Orkut,49555239,9
2010_09,Weibo,26825492,10
2010_10,Facebook,596673622,1
2010_10,Youtube,523357392,2
2010_10,QZone,159030405,3
2010_10,Tumblr,69813090,4
2010_10,MySpace,67250017,5
2010_10,Flickr,58568494,6
2010_10,Hi5,56399312,7
2010_10,Twitter/X,55184074,8
2010_10,Orkut,49453956,9
2010_10,Weibo,28174187,10
2010_11,Facebook,620490300,1
2010_11,Youtube,537722482,2
2010_11,QZone,167275043,3
2010_11,Tumblr,73337984,4
2010_11,MySpace,67009553,5
2010_11,Flickr,59716285,6
2010_11,Twitter/X,59452607,7
2010_11,Hi5,59944140,8
2010_11,Orkut,49251389,9
2010_11,Weibo,30871578,10
2010_12,Facebook,632398639,1
2010_12,Youtube,544905027,2
2010_12,QZone,171397362,3
2010_12,Tumblr,75100431,4
2010_12,MySpace,66889322,5
2010_12,Twitter/X,61586874,6
2010_12,Flickr,60290181,7
2010_12,Hi5,54216554,8
2010_12,Orkut,49150105,9
2010_12,Weibo,32220273,10
2011_01,Facebook,656326905,1
2011_01,Youtube,560011100,2
2011_01,QZone,179642000,3
2011_01,Tumblr,78744744,4
2011_01,MySpace,66644176,5
2011_01,Twitter/X,66159743,6
2011_01,Flickr,61451393,7
2011_01,Hi5,52724913,8
2011_01,Orkut,48930257,9
2011_01,Weibo,34982277,10
2011_02,Facebook,681335630,1
2011_02,Youtube,578811612,2
2011_02,QZone,188057971,3
2011_02,Tumblr,83013743,4
2011_02,Twitter/X,72210503,5
2011_02,Myspace,66372063,6
2011_02,Flickr,62701006,7
2011_02,Hi5,51033336,8
2011_02,Orkut,48627456,9
2011_02,Weibo,38101399,10
2011_03,Facebook,704198085,1
2011_03,Youtube,595998649,2
2011_03,QZone,195697739,3
2011_03,Tumblr,86916372,4
2011_03,Twitter/X,77741981,5
2011_03,MySpace,66123303,6
2011_03,Flickr,63843377,7
2011_03,Hi5,49486931,8
2011_03,Orkut,48350642,9
2011_03,Weibo,40952836,10
2011_04,Facebook,727060540,1
2011_04,Youtube,613185685,2
2011_04,QZone,203337507,3
2011_04,Tumblr,90819002,4
2011_04,Twitter/X,83273460,5
2011_04,MySpace,65874543,6
2011_04,Flickr,64985747,7
2011_04,Orkut,48073828,8
2011_04,Hi5,47940527,9
2011_04,Weibo,43804273,10
2011_05,Facebook,738491767,1
2011_05,Youtube,621779203,2
2011_05,QZone,207157391,3
2011_05,Tumblr,92770317,4
2011_05,Twitter/X,86039199,5
2011_05,MySpace,65750163,6
2011_05,Flickr,65556932,7
2011_05,Orkut,47935421,8
2011_05,Hi5,47167325,9
2011_05,Weibo,45229991,10
2011_06,Facebook,769635616,1
2011_06,Youtube,645629499,2
2011_06,QZone,218617044,3
2011_06,Tumblr,98319257,4
2011_06,Twitter/X,93736464,5
2011_06,Flickr,67182696,6
2011_06,MySpace,65400473,7
2011_06,Whatsapp,50665341,8
2011_06,Weibo,49165681,9
2011_06,Orkut,47568886,10
2011_07,Facebook,778925914,1
2011_07,Youtube,653198023,2
2011_07,QZone,222436928,3
2011_07,Tumblr,100153544,4
2011_07,Twitter/X,96262207,5
2011_07,Flickr,67749778,6
2011_07,MySpace,65287836,7
2011_07,Whatsapp,52416747,8
2011_07,Wechat,50664029,9
2011_07,Weibo,50375420,10
2011_08,Facebook,799496517,1
2011_08,Youtube,670744722,2
2011_08,QZone,230076696,3
2011_08,Tumblr,104389209,4
2011_08,Twitter/X,102388538,5
2011_08,Flickr,69169849,6
2011_08,MySpace,65030345,7
2011_08,Wechat,57052300,8
2011_08,Whatsapp,56161054,9
2011_08,Weibo,53077454,10
2011_09,Facebook,830067120,1
2011_09,Youtube,688291422,2
2011_09,QZone,237716464,3
2011_09,Tumblr,108624874,4
2011_09,Twitter/X,108514869,5
2011_09,Flickr,70589919,6
2011_09,MySpace,64772853,7
2011_09,Wechat,63440571,8
2011_09,Whatsapp,59905361,9
2011_09,Weibo,55779488,10
2011_10,Facebook,847762132,1
2011_10,Youtube,713118843,2
2011_10,QZone,249176117,3
2011_10,Twitter/X,117356699,4
2011_10,Tumblr,114594770,5
2011_10,Wechat,73022977,6
2011_10,Flickr,72598801,7
2011_10,Whatsapp,65111370,8
2011_10,MySpace,64413642,9
2011_10,Weibo,59494457,10
2011_11,Facebook,856183571,1
2011_11,Youtube,721012045,2
2011_11,QZone,252996001,3
2011_11,Twitter/X,120214858,4
2011_11,Tumblr,116486407,5
2011_11,Wechat,76217112,6
2011_11,Flickr,73237356,7
2011_11,Whatsapp,66741495,8
2011_11,MySpace,64300832,9
2011_11,Weibo,60646119,10
2011_12,Facebook,873026448,1
2011_12,Youtube,736798448,2
2011_12,QZone,260635769,3
2011_12,Twitter/X,125931177,4
2011_12,Tumblr,120269680,5
2011_12,Wechat,82605383,6
2011_12,Flickr,74514464,7
2011_12,Whatsapp,70001745,8
2011_12,MySpace,64075213,9
2011_12,Weibo,62949445,10
2012_01,Facebook,881769389,1
2012_01,Youtube,745034929,2
2012_01,QZone,264455653,3
2012_01,Twitter/X,128903755,4
2012_01,Tumblr,122245290,5
2012_01,Wechat,85824787,6
2012_01,Flickr,75171229,7
2012_01,Whatsapp,71721857,8
2012_01,Weibo,64150838,9
2012_01,MySpace,63957529,10
2012_02,Facebook,907509747,1
2012_02,Youtube,770435950,2
2012_02,QZone,272106499,3
2012_02,Twitter/X,137773081,4
2012_02,Tumblr,128389500,5
2012_02,Wechat,92974153,6
2012_02,Whatsapp,77594197,7
2012_02,Flickr,76917120,8
2012_02,Weibo,67852192,9
2012_02,Google+,64811399,10
2012_03,Facebook,925756195,1
2012_03,Youtube,788938153,2
2012_03,QZone,279862923,3
2012_03,Twitter/X,143846598,4
2012_03,Tumblr,132929294,5
2012_03,Wechat,100123520,6
2012_03,Whatsapp,82499319,7
2012_03,Flickr,77903200,8
2012_03,Google+,76199300,9
2012_03,Weibo,70601555,10
2012_04,Facebook,943537406,1
2012_04,Youtube,807129613,2
2012_04,QZone,287619347,3
2012_04,Twitter/X,149552062,4
2012_04,Tumblr,137711107,5
2012_04,Wechat,106868970,6
2012_04,Whatsapp,87971545,7
2012_04,Google+,86997559,8
2012_04,Flickr,78724187,9
2012_04,Weibo,73351296,10
2012_05,Facebook,959654229,1
2012_05,Youtube,824212964,2
2012_05,QZone,295375771,3
2012_05,Twitter/X,153940810,4
2012_05,Tumblr,143358743,5
2012_05,Wechat,112169402,6
2012_05,Google+,95686366,7
2012_05,Whatsapp,95472595,8
2012_05,Flickr,78954552,9
2012_05,Weibo,76102395,10
2012_06,Facebook,975771053,1
2012_06,Youtube,841296315,2
2012_06,QZone,303132195,3
2012_06,Twitter/X,158329557,4
2012_06,Tumblr,149006379,5
2012_06,Wechat,117469834,6
2012_06,Google+,104375173,7
2012_06,Whatsapp,102973646,8
2012_06,Flickr,79184917,9
2012_06,Weibo,78853494,10
2012_07,Facebook,991887877,1
2012_07,Youtube,858379667,2
2012_07,QZone,310888619,3
2012_07,Twitter/X,162718305,4
2012_07,Tumblr,154654015,5
2012_07,Wechat,122770266,6
2012_07,Google+,113063979,7
2012_07,Whatsapp,110474696,8
2012_07,Weibo,81604593,9
2012_07,Flickr,79415282,10
2012_08,Facebook,1008004701,1
2012_08,Youtube,875463018,2
2012_08,QZone,318645043,3
2012_08,Twitter/X,167107053,4
2012_08,Tumblr,160301652,5
2012_08,Wechat,128070698,6
2012_08,Google+,121752786,7
2012_08,Whatsapp,117975746,8
2012_08,Weibo,84355691,9
2012_08,Flickr,79645647,10
2012_09,Facebook,1025601051,1
2012_09,Youtube,895057624,2
2012_09,QZone,326401468,3
2012_09,Twitter/X,171423114,4
2012_09,Tumblr,170663121,5
2012_09,Wechat,133913651,6
2012_09,Google+,131386654,7
2012_09,Whatsapp,131371422,8
2012_09,Weibo,87651777,9
2012_09,Flickr,79754558,10
2012_10,Facebook,1044524132,1
2012_10,Youtube,916904137,2
2012_10,QZone,334157892,3
2012_10,Tumblr,185251606,4
2012_10,Twitter/X,175673995,5
2012_10,Whatsapp,150052965,6
2012_10,Google+,141867983,7
2012_10,Wechat,140243095,8
2012_10,Weibo,91436567,9
2012_10,Reddit,82432927,10
2012_11,Facebook,1063447212,1
2012_11,Youtube,938750649,2
2012_11,QZone,341914316,3
2012_11,Tumblr,199840091,4
2012_11,Twitter/X,179924876,5
2012_11,Whatsapp,168734507,6
2012_11,Google+,152349312,7
2012_11,Wechat,146572539,8
2012_11,Weibo,95221357,9
2012_11,Reddit,85729556,10
2012_12,Facebook,1072658881,1
2012_12,Youtube,949528219,2
2012_12,QZone,345792528,3
2012_12,Tumblr,207562323,4
2012_12,Twitter/X,181937747,5
2012_12,Whatsapp,178781664,6
2012_12,Google+,157399314,7
2012_12,Wechat,149877188,8
2012_12,Weibo,97118120,9
2012_12,Reddit,87354999,10
2013_01,Facebook,1090406000,1
2013_01,Youtube,970689094,2
2013_01,QZone,353548952,3
2013_01,Tumblr,224165035,4
2013_01,Whatsapp,200787642,5
2013_01,Twitter/X,185658844,6
2013_01,Google+,166983337,7
2013_01,Wechat,156865166,8
2013_01,Weibo,100923467,9
2013_01,Reddit,90543989,10
2013_02,Facebook,1108153120,1
2013_02,Youtube,991849969,2
2013_02,QZone,361305376,3
2013_02,Tumblr,240767746,4
2013_02,Whatsapp,222793620,5
2013_02,Twitter/X,189379940,6
2013_02,Google+,176567360,7
2013_02,Wechat,163853143,8
2013_02,Weibo,104728814,9
2013_02,Reddit,93732980,10
2013_03,Facebook,1125113213,1
2013_03,Youtube,1011976785,2
2013_03,QZone,369061800,3
2013_03,Tumblr,256064907,4
2013_03,Whatsapp,243876237,5
2013_03,Twitter/X,192944925,6
2013_03,Google+,185224255,7
2013_03,Wechat,171429925,8
2013_03,Weibo,108386949,9
2013_03,Instagram,99258766,10
2013_04,Facebook,1140881596,1
2013_04,Youtube,1030537837,2
2013_04,QZone,376606460,3
2013_04,Tumblr,269385214,4
2013_04,Whatsapp,263560707,5
2013_04,Twitter/X,196273527,6
2013_04,Google+,192477301,7
2013_04,Wechat,179898271,8
2013_04,Weibo,111822177,9
2013_04,Instagram,105484710,10
2013_05,Facebook,1148765788,1
2013_05,Youtube,1039818364,2
2013_05,QZone,380254241,3
2013_05,Tumblr,276045367,4
2013_05,Whatsapp,273402367,5
2013_05,Twitter/X,197937827,6
2013_05,Google+,196103825,7
2013_05,Wechat,184132444,8
2013_05,Weibo,113539791,9
2013_05,Instagram,108597681,10
2013_06,Facebook,1164376227,1
2013_06,Youtube,1058276804,2
2013_06,QZone,387549803,3
2013_06,Whatsapp,292778493,4
2013_06,Tumblr,288978029,5
2013_06,Google+,203138348,6
2013_06,Twitter/X,201283256,7
2013_06,Wechat,193381543,8
2013_06,Weibo,116936544,9
2013_06,Instagram,115107567,10
2013_07,Facebook,1178241700,1
2013_07,Youtube,1075601589,2
2013_07,QZone,394845364,3
2013_07,Whatsapp,308741094,4
2013_07,Tumblr,297627979,5
2013_07,Wechat,211256430,6
2013_07,Google+,207758622,7
2013_07,Twitter/X,204814597,8
2013_07,Instagram,124754457,9
2013_07,Weibo,119908226,10
2013_08,Facebook,1192107173,1
2013_08,Youtube,1092926374,2
2013_08,QZone,402140926,3
2013_08,Whatsapp,324703696,4
2013_08,Tumblr,306277930,5
2013_08,Wechat,229131316,6
2013_08,Google+,212378896,7
2013_08,Twitter/X,208345938,8
2013_08,Instagram,134401348,9
2013_08,Weibo,122879909,10
2013_09,Facebook,1205972645,1
2013_09,Youtube,1110251158,2
2013_09,QZone,409436487,3
2013_09,Whatsapp,340666297,4
2013_09,Tumblr,314927880,5
2013_09,Wechat,247006202,6
2013_09,Google+,216999170,7
2013_09,Twitter/X,211877278,8
2013_09,Instagram,144048238,9
2013_09,Weibo,125851591,10
2013_10,Facebook,1219838118,1
2013_10,Youtube,1127575943,2
2013_10,QZone,416732049,3
2013_10,Whatsapp,356628899,4
2013_10,Tumblr,323577830,5
2013_10,Wechat,264881088,6
2013_10,Google+,221619444,7
2013_10,Twitter/X,215408619,8
2013_10,Instagram,153695128,9
2013_10,Weibo,128823273,10
2013_11,Facebook,1233703591,1
2013_11,Youtube,1144900728,2
2013_11,QZone,424027610,3
2013_11,Whatsapp,372591500,4
2013_11,Tumblr,332227780,5
2013_11,Wechat,282755974,6
2013_11,Google+,226239717,7
2013_11,Twitter/X,218939960,8
2013_11,Instagram,163342019,9
2013_11,Weibo,131794955,10
2013_12,Facebook,1247569063,1
2013_12,Youtube,1162225512,2
2013_12,QZone,431323172,3
2013_12,Whatsapp,388554101,4
2013_12,Tumblr,340877731,5
2013_12,Wechat,300630861,6
2013_12,Google+,230859991,7
2013_12,Twitter/X,222471301,8
2013_12,Instagram,172988909,9
2013_12,Weibo,134766638,10
2014_01,Facebook,1261991184,1
2014_01,Youtube,1178533334,2
2014_01,QZone,438618733,3
2014_01,Whatsapp,406102676,4
2014_01,Tumblr,349306605,5
2014_01,Wechat,322607761,6
2014_01,Google+,235206607,7
2014_01,Twitter/X,226979951,8
2014_01,Instagram,184722008,9
2014_01,Weibo,137996671,10
2014_02,Facebook,1269464069,1
2014_02,Youtube,1186208904,2
2014_02,QZone,442266514,3
2014_02,Whatsapp,415622943,4
2014_02,Tumblr,353417056,5
2014_02,Wechat,335525639,6
2014_02,Google+,237251197,7
2014_02,Twitter/X,229693965,8
2014_02,Instagram,191569829,9
2014_02,Weibo,139733206,10
2014_03,Facebook,1284409841,1
2014_03,Youtube,1202560045,2
2014_03,QZone,449562076,3
2014_03,Whatsapp,434663477,4
2014_03,Tumblr,361637959,5
2014_03,Wechat,361361394,6
2014_03,Google+,241340377,7
2014_03,Twitter/X,235121993,8
2014_03,Instagram,205265471,9
2014_03,Weibo,143206277,10
2014_04,Facebook,1299355612,1
2014_04,Youtube,1216911187,2
2014_04,QZone,456857637,3
2014_04,Whatsapp,453704011,4
2014_04,Wechat,387197150,5
2014_04,Tumblr,369858861,6
2014_04,Google+,245429558,7
2014_04,Twitter/X,240550021,8
2014_04,Instagram,218961114,9
2014_04,Weibo,146679347,10
2014_05,Facebook,1321774269,1
2014_05,Youtube,1239937899,2
2014_05,Whatsapp,482264812,3
2014_05,QZone,467800980,4
2014_05,Wechat,425950784,5
2014_05,Tumblr,382190216,6
2014_05,Google+,251563328,7
2014_05,Twitter/X,248692063,8
2014_05,Instagram,239504577,9
2014_05,Weibo,151888952,10
2014_06,Facebook,1329250803,1
2014_06,Youtube,1245164552,2
2014_06,Whatsapp,493822246,3
2014_06,QZone,471448760,4
2014_06,Wechat,436793492,5
2014_06,Tumblr,386088897,6
2014_06,Google+,253423455,7
2014_06,Twitter/X,251424182,8
2014_06,Instagram,246017790,9
2014_06,Weibo,153856254,10
2014_07,Facebook,1344207834,1
2014_07,Youtube,1252958170,2
2014_07,Whatsapp,519149616,3
2014_07,QZone,478744322,4
2014_07,Wechat,456225135,5
2014_07,Tumblr,393656264,6
2014_07,Instagram,258680810,7
2014_07,Google+,256943373,8
2014_07,Twitter/X,256908085,9
2014_07,Weibo,158041486,10
2014_08,Facebook,1359164864,1
2014_08,Youtube,1260751788,2
2014_08,Whatsapp,544476985,3
2014_08,QZone,486039883,4
2014_08,Wechat,475656778,5
2014_08,Tumblr,401223631,6
2014_08,Instagram,271343830,7
2014_08,Twitter/X,262391987,8
2014_08,Google+,260463290,9
2014_08,Weibo,162226719,10
2014_09,Facebook,1366643380,1
2014_09,Youtube,1264648597,2
2014_09,Whatsapp,557140669,3
2014_09,QZone,489687664,4
2014_09,Wechat,485372600,5
2014_09,Tumblr,405007314,6
2014_09,Instagram,277675340,7
2014_09,Twitter/X,265133938,8
2014_09,Google+,262223248,9
2014_09,Weibo,164319335,10
2014_10,Facebook,1381600410,1
2014_10,Youtube,1272442215,2
2014_10,Whatsapp,582468038,3
2014_10,Wechat,504804243,4
2014_10,QZone,496983226,5
2014_10,Tumblr,412574681,6
2014_10,Instagram,290338360,7
2014_10,Twitter/X,270617841,8
2014_10,Google+,265743165,9
2014_10,Weibo,168504567,10
2014_11,Facebook,1396557441,1
2014_11,Youtube,1280235833,2
2014_11,Whatsapp,607795408,3
2014_11,Wechat,524235886,4
2014_11,QZone,504278787,5
2014_11,Tumblr,420142048,6
2014_11,Instagram,303001380,7
2014_11,Twitter/X,276101743,8
2014_11,Google+,269263082,9
2014_11,Weibo,172689799,10
2014_12,Facebook,1411514472,1
2014_12,Youtube,1288029451,2
2014_12,Whatsapp,633122777,3
2014_12,Wechat,543667529,4
2014_12,QZone,511574349,5
2014_12,Tumblr,427709414,6
2014_12,Instagram,315664400,7
2014_12,Twitter/X,281585645,8
2014_12,Google+,272783000,9
2014_12,Weibo,176875031,10
2015_01,Facebook,1427458623,1
2015_01,Youtube,1295584869,2
2015_01,Whatsapp,659644303,3
2015_01,Wechat,563412029,4
2015_01,QZone,518957772,5
2015_01,Tumblr,435524888,6
2015_01,Instagram,328936909,7
2015_01,Twitter/X,286660633,8
2015_01,Google+,276595370,9
2015_01,Weibo,181460453,10
2015_02,Facebook,1446266958,1
2015_02,Youtube,1302449135,2
2015_02,Whatsapp,689630743,3
2015_02,Wechat,584064297,4
2015_02,QZone,526596130,5
2015_02,Tumblr,444060257,6
2015_02,Instagram,343977888,7
2015_02,Twitter/X,290549133,8
2015_02,Google+,281256311,9
2015_02,Weibo,187207048,10
2015_03,Facebook,1465075294,1
2015_03,Youtube,1309313401,2
2015_03,Whatsapp,719617183,3
2015_03,Wechat,604716566,4
2015_03,QZone,534234488,5
2015_03,Tumblr,452595626,6
2015_03,Instagram,359018867,7
2015_03,Twitter/X,294437633,8
2015_03,Google+,285917252,9
2015_03,Weibo,192953644,10
2015_04,Facebook,1483883629,1
2015_04,Youtube,1316177667,2
2015_04,Whatsapp,749603623,3
2015_04,Wechat,625368835,4
2015_04,QZone,541872846,5
2015_04,Tumblr,461130995,6
2015_04,Instagram,374059846,7
2015_04,Twitter/X,298326132,8
2015_04,Google+,290578193,9
2015_04,Weibo,198700239,10
2015_05,Facebook,1502691965,1
2015_05,Youtube,1323041933,2
2015_05,Whatsapp,779590063,3
2015_05,Wechat,646021104,4
2015_05,QZone,549511204,5
2015_05,Tumblr,469666364,6
2015_05,Instagram,389100824,7
2015_05,Twitter/X,302214632,8
2015_05,Google+,295239133,9
2015_05,Weibo,204446835,10
2015_06,Facebook,1521226579,1
2015_06,Youtube,1329242419,2
2015_06,Whatsapp,801925372,3
2015_06,Wechat,664727542,4
2015_06,QZone,557149562,5
2015_06,Tumblr,478045633,6
2015_06,Instagram,402369610,7
2015_06,Twitter/X,304443176,8
2015_06,Google+,301398897,9
2015_06,Weibo,210139867,10
2015_07,Facebook,1530388547,1
2015_07,Youtube,1332087213,2
2015_07,Whatsapp,810148554,3
2015_07,Wechat,673331924,4
2015_07,QZone,560968741,5
2015_07,Tumblr,482175193,6
2015_07,Instagram,408321988,7
2015_07,Google+,305055587,8
2015_07,Twitter/X,304918628,9
2015_07,Weibo,212965770,10
2015_08,Facebook,1548712483,1
2015_08,Youtube,1337776800,2
2015_08,Whatsapp,826594916,3
2015_08,Wechat,690540687,4
2015_08,QZone,568607100,5
2015_08,Tumblr,490434315,6
2015_08,Instagram,420226746,7
2015_08,Google+,312368969,8
2015_08,Twitter/X,305869532,9
2015_08,Weibo,218617576,10
2015_09,Facebook,1567036419,1
2015_09,Youtube,1343466387,2
2015_09,Whatsapp,843041279,3
2015_09,Wechat,707749451,4
2015_09,QZone,576245458,5
2015_09,Tumblr,498693436,6
2015_09,Instagram,432131503,7
2015_09,Google+,319682350,8
2015_09,Twitter/X,306820436,9
2015_09,Weibo,224269382,10
2015_10,Facebook,1585360355,1
2015_10,Youtube,1349155974,2
2015_10,Whatsapp,859487641,3
2015_10,Wechat,724958215,4
2015_10,QZone,583883816,5
2015_10,Tumblr,506952558,6
2015_10,Instagram,444036260,7
2015_10,Google+,326995732,8
2015_10,Twitter/X,307771340,9
2015_10,Weibo,229921187,10
2015_11,Facebook,1603684291,1
2015_11,Youtube,1354845561,2
2015_11,Whatsapp,875934004,3
2015_11,Wechat,742166978,4
2015_11,QZone,591522174,5
2015_11,Tumblr,515211679,6
2015_11,Instagram,455941018,7
2015_11,Google+,334309113,8
2015_11,Twitter/X,308722244,9
2015_11,Weibo,235572993,10
2015_12,Facebook,1622008227,1
2015_12,Youtube,1360535148,2
2015_12,Whatsapp,892380366,3
2015_12,Wechat,759375742,4
2015_12,QZone,599160532,5
2015_12,Tumblr,523470800,6
2015_12,Instagram,467845775,7
2015_12,Google+,341622494,8
2015_12,Twitter/X,309673148,9
2015_12,Weibo,241224799,10
2016_01,Facebook,1644148770,1
2016_01,Youtube,1367107187,2
2016_01,Whatsapp,910793731,3
2016_01,Wechat,777013233,4
2016_01,QZone,603309212,5
2016_01,Tumblr,532013736,6
2016_01,Instagram,481787347,7
2016_01,Google+,351062104,8
2016_01,Twitter/X,310590784,9
2016_01,Weibo,248005847,10
2016_02,Facebook,1657147728,1
2016_02,Youtube,1370839145,2
2016_02,Whatsapp,920994421,3
2016_02,Wechat,786048632,4
2016_02,QZone,603620075,5
2016_02,Tumblr,536428628,6
2016_02,Instagram,489787419,7
2016_02,Google+,356856378,8
2016_02,Twitter/X,311032790,9
2016_02,Weibo,251967023,10
2016_03,Facebook,1683145645,1
2016_03,Youtube,1378303062,2
2016_03,Whatsapp,941395800,3
2016_03,Wechat,804119429,4
2016_03,QZone,604241802,5
2016_03,Tumblr,545258410,6
2016_03,Instagram,505787563,7
2016_03,Google+,368444927,8
2016_03,Twitter/X,311916803,9
2016_03,Weibo,259889376,10
2016_04,Facebook,1709143562,1
2016_04,Youtube,1385766978,2
2016_04,Whatsapp,961797179,3
2016_04,Wechat,822190226,4
2016_04,QZone,604863529,5
2016_04,Tumblr,554088192,6
2016_04,Instagram,521787707,7
2016_04,Google+,380033476,8
2016_04,Twitter/X,312800815,9
2016_04,Weibo,267811729,10
2016_05,Facebook,1733115929,1
2016_05,Youtube,1392745101,2
2016_05,Whatsapp,981322031,3
2016_05,Wechat,837788575,4
2016_05,QZone,605485256,5
2016_05,Tumblr,561585241,6
2016_05,Instagram,536670383,7
2016_05,Google+,390517204,8
2016_05,Twitter/X,313656852,9
2016_05,Weibo,275053747,10
2016_06,Facebook,1750824502,1
2016_06,Youtube,1398220955,2
2016_06,Whatsapp,998136316,3
2016_06,Wechat,845741139,4
2016_06,QZone,606106983,5
2016_06,Tumblr,564960953,6
2016_06,Instagram,548097405,7
2016_06,Google+,397584391,8
2016_06,Twitter/X,314426376,9
2016_06,Weibo,280191903,10
2016_07,Facebook,1772083890,1
2016_07,Youtube,1404672653,2
2016_07,Whatsapp,1020030174,3
2016_07,Wechat,854123590,4
2016_07,QZone,606728710,5
2016_07,Tumblr,568411436,6
2016_07,Instagram,561957108,7
2016_07,Google+,406303352,8
2016_07,Twitter/X,315451277,9
2016_07,Weibo,286206460,10
2016_08,Facebook,1799445047,1
2016_08,Youtube,1412801253,2
2016_08,Whatsapp,1050652836,3
2016_08,Wechat,863244764,4
2016_08,QZone,607350436,5
2016_08,Instagram,579997162,6
2016_08,Tumblr,571990406,7
2016_08,Google+,417860742,8
2016_08,Twitter/X,316915019,9
2016_08,Weibo,293727034,10
2016_09,Facebook,1825162059,1
2016_09,Youtube,1420422917,2
2016_09,Whatsapp,1081097914,3
2016_09,Wechat,870783480,4
2016_09,QZone,607972163,5
2016_09,Instagram,596984374,6
2016_09,Tumblr,574895257,7
2016_09,Google+,428801185,8
2016_09,Twitter/X,318318208,9
2016_09,Weibo,300647952,10
2016_10,Facebook,1849177157,1
2016_10,Youtube,1427519831,2
2016_10,Whatsapp,1111359170,3
2016_10,Wechat,876684135,4
2016_10,Instagram,612881753,5
2016_10,QZone,608593890,6
2016_10,Tumblr,577102302,7
2016_10,Google+,439103005,8
2016_10,Twitter/X,319658718,9
2016_10,Weibo,306948144,10
2016_11,Facebook,1873192255,1
2016_11,Youtube,1434616745,2
2016_11,Whatsapp,1141620425,3
2016_11,Wechat,882584791,4
2016_11,Instagram,628779132,5
2016_11,QZone,609215617,6
2016_11,Tumblr,579309348,7
2016_11,Google+,449404824,8
2016_11,Twitter/X,320999228,9
2016_11,Weibo,313248336,10
2016_12,Facebook,1885199805,1
2016_12,Youtube,1438165203,2
2016_12,Whatsapp,1156751052,3
2016_12,Wechat,885535119,4
2016_12,Instagram,636727821,5
2016_12,QZone,609526480,6
2016_12,Tumblr,580412870,7
2016_12,Google+,454555734,8
2016_12,Twitter/X,321669483,9
2016_12,Weibo,316398432,10
2017_01,Facebook,1909686468,1
2017_01,Youtube,1445955819,2
2017_01,Whatsapp,1187092756,3
2017_01,Wechat,891489357,4
2017_01,Instagram,653521070,5
2017_01,QZone,610148207,6
2017_01,Tumblr,582630613,7
2017_01,Google+,464059915,8
2017_01,Twitter/X,322964111,9
2017_01,Weibo,322889691,10
2017_02,Facebook,1948676433,1
2017_02,Youtube,1460966300,2
2017_02,Whatsapp,1232990863,3
2017_02,Wechat,900677506,4
2017_02,Instagram,683004386,5
2017_02,QZone,611080797,6
2017_02,Tumblr,586008493,7
2017_02,Google+,474493522,8
2017_02,Weibo,333542269,9
2017_02,Twitter/X,324686160,10
2017_03,Facebook,1961673088,1
2017_03,Youtube,1465969793,2
2017_03,Whatsapp,1248290231,3
2017_03,Wechat,903740223,4
2017_03,Instagram,692832158,5
2017_03,QZone,611391661,6
2017_03,Tumblr,587134453,7
2017_03,Google+,477971391,8
2017_03,Weibo,337093128,9
2017_03,Twitter/X,325260177,10
2017_04,Facebook,1987666398,1
2017_04,Youtube,1475976781,2
2017_04,Whatsapp,1278888969,3
2017_04,Wechat,909865656,4
2017_04,Instagram,712487702,5
2017_04,QZone,612013387,6
2017_04,Tumblr,589386373,7
2017_04,Google+,484927129,8
2017_04,Weibo,344194847,9
2017_04,Twitter/X,326408210,10
2017_05,Facebook,2013659708,1
2017_05,Youtube,1485983768,2
2017_05,Whatsapp,1309487706,3
2017_05,Wechat,915991089,4
2017_05,Instagram,732143246,5
2017_05,QZone,612635114,6
2017_05,Tumblr,591638293,7
2017_05,Google+,491882867,8
2017_05,Weibo,351296565,9
2017_05,Twitter/X,327556243,10
2017_06,Facebook,2026448891,1
2017_06,Youtube,1491185742,2
2017_06,Whatsapp,1324167985,3
2017_06,Wechat,919056508,4
2017_06,Instagram,742124843,5
2017_06,QZone,612945978,6
2017_06,Tumblr,592826500,7
2017_06,Google+,495033620,8
2017_06,Weibo,354828869,9
2017_06,Twitter/X,328085112,10
2017_07,Facebook,2048041430,1
2017_07,Youtube,1505402763,2
2017_07,Whatsapp,1341634988,3
2017_07,Wechat,925239280,4
2017_07,Instagram,765043224,5
2017_07,QZone,613567705,6
2017_07,Tumblr,596398772,7
2017_07,Google+,495050807,8
2017_07,Weibo,361536992,9
2017_07,Twitter/X,328275514,10
2017_08,Facebook,2069633969,1
2017_08,Youtube,1519619785,2
2017_08,Whatsapp,1359101991,3
2017_08,Wechat,931422051,4
2017_08,Instagram,787961606,5
2017_08,QZone,614189431,6
2017_08,Tumblr,599971044,7
2017_08,Google+,495067993,8
2017_08,Weibo,368245116,9
2017_08,Twitter/X,328465915,10
2017_09,Facebook,2091226508,1
2017_09,Youtube,1533836806,2
2017_09,Whatsapp,1376568994,3
2017_09,Wechat,937604822,4
2017_09,Instagram,810879987,5
2017_09,QZone,614811158,6
2017_09,Tumblr,603543315,7
2017_09,Google+,495085180,8
2017_09,Weibo,374953240,9
2017_09,Twitter/X,328656316,19
2017_10,Facebook,2111983896,1
2017_10,Youtube,1548820182,2
2017_10,Whatsapp,1392629436,3
2017_10,Wechat,943566243,4
2017_10,Instagram,834080041,5
2017_10,QZone,615432885,6
2017_10,Tumblr,606771982,7
2017_10,Google+,494914654,8
2017_10,Weibo,381498354,9
2017_10,TIkTok,332653211,10
2017_11,Facebook,2121360596,1
2017_11,Youtube,1557231324,2
2017_11,Whatsapp,1398972100,3
2017_11,Wechat,946281383,4
2017_11,Instagram,846018010,5
2017_11,QZone,615743748,6
2017_11,Tumblr,607974066,7
2017_11,Google+,494604177,8
2017_11,Weibo,384575337,9
2017_11,TIkTok,344921118,10
2017_12,Facebook,2158867395,1
2017_12,Youtube,1590875888,2
2017_12,Whatsapp,1424342754,3
2017_12,Wechat,957141941,4
2017_12,Instagram,893769888,5
2017_12,QZone,616987202,6
2017_12,Tumblr,612782401,7
2017_12,Google+,493362272,8
2017_12,Weibo,396883267,9
2017_12,TIkTok,393992744,10
2018_01,Facebook,2168446304,1
2018_01,Youtube,1601551269,2
2018_01,Whatsapp,1431681313,3
2018_01,Wechat,961221550,4
2018_01,Instagram,904617512,5
2018_01,QZone,617340646,6
2018_01,Tumblr,613954608,7
2018_01,Google+,492307197,8
2018_01,TIkTok,404815370,9
2018_01,Weibo,400251241,10
2018_2,Facebook,2185646029,1
2018_2,Youtube,1620876848,2
2018_2,Whatsapp,1444923080,3
2018_2,Wechat,968645291,4
2018_2,Instagram,923993696,5
2018_2,QZone,617977990,6
2018_2,Tumblr,616055194,7
2018_2,Google+,490357085,8
2018_2,TikTok,424119370,9
2018_2,Weibo,406315655,10
2018_3,Facebook,2202881737,1
2018_3,Youtube,1640242858,2
2018_3,Whatsapp,1458192551,3
2018_3,Wechat,976084564,4
2018_3,Instagram,943410417,5
2018_3,QZone,618616667,6
2018_3,Tumblr,618160174,7
2018_3,Google+,488402894,8
2018_3,TikTok,443463755,9
2018_3,Weibo,412392756,10
2018_4,Facebook,2220117444,1
2018_4,Youtube,1659608867,2
2018_4,Whatsapp,1471472021,3
2018_4,Wechat,983523836,4
2018_4,Instagram,962827137,5
2018_4,Tumblr,620265154,6
2018_4,QZone,619255343,7
2018_4,Google+,486448702,8
2018_4,TikTok,462808140,9
2018_4,Weibo,418469858,10
2018_5,Facebook,2237353152,1
2018_5,Youtube,1678974877,2
2018_5,Whatsapp,1484731491,3
2018_5,Wechat,990963108,4
2018_5,Instagram,982243857,5
2018_5,Tumblr,622370135,6
2018_5,QZone,619894020,7
2018_5,Google+,484494510,8
2018_5,TikTok,482152525,9
2018_5,Weibo,424546959,10
2018_6,Facebook,2252527680,1
2018_6,Youtube,1697091296,2
2018_6,Whatsapp,1497753388,3
2018_6,Wechat,999786156,4
2018_6,Instagram,997661799,5
2018_6,Tumblr,621570515,6
2018_6,QZone,620532697,7
2018_6,TikTok,497597046,8
2018_6,Google+,482125945,9
2018_6,Weibo,430040627,10
2018_7,Facebook,2263160245,1
2018_7,Youtube,1712454152,2
2018_7,Whatsapp,1510229738,3
2018_7,Wechat,1011658456,4
2018_7,Instagram,1004268134,5
2018_7,QZone,621171374,6
2018_7,Tumblr,614370393,7
2018_7,TikTok,504447926,8
2018_7,Google+,478844275,9
2018_7,Weibo,434248659,10
2018_8,Facebook,2273792809,1
2018_8,Youtube,1727817008,2
2018_8,Whatsapp,1522706088,3
2018_8,Wechat,1023530756,4
2018_8,Instagram,1010874469,5
2018_8,QZone,621810051,6
2018_8,Tumblr,607170270,7
2018_8,TikTok,511298806,8
2018_8,Google+,475562605,9
2018_8,Weibo,438456690,10
2018_9,Facebook,2284099831,1
2018_9,Youtube,1743356013,2
2018_9,Whatsapp,1535292033,3
2018_9,Wechat,1036769114,4
2018_9,Instagram,1017182006,5
2018_9,QZone,622448728,6
2018_9,Tumblr,596138149,7
2018_9,TikTok,517805307,8
2018_9,Google+,471903380,9
2018_9,Weibo,442598870,10
2018_10,Facebook,2292930602,1
2018_10,Youtube,1759693810,2
2018_10,Whatsapp,1548374961,3
2018_10,Wechat,1056202178,4
2018_10,Instagram,1022134571,5
2018_10,QZone,623087405,6
2018_10,Tumblr,567728941,7
2018_10,TikTok,522750143,8
2018_10,Google+,466532045,9
2018_10,Weibo,446442431,10
2018_11,Facebook,2301761374,1
2018_11,Youtube,1776031607,2
2018_11,Whatsapp,1561457889,3
2018_11,Wechat,1075635242,4
2018_11,Instagram,1027087137,5
2018_11,QZone,623726081,6
2018_11,Tumblr,539319733,7
2018_11,TikTok,527694979,8
2018_11,Google+,461160711,9
2018_11,Weibo,450285993,10
2018_12,Facebook,2310592145,1
2018_12,Youtube,1792369404,2
2018_12,Whatsapp,1574540818,3
2018_12,Wechat,1095068306,4
2018_12,Instagram,1032039702,5
2018_12,QZone,624364758,6
2018_12,TikTok,532639815,7
2018_12,Tumblr,510910525,8
2018_12,Google+,455789376,9
2018_12,Weibo,454129554,10
2019_1,Facebook,2319423040,1
2019_1,Youtube,1808708906,2
2019_1,Whatsapp,1587630897,3
2019_1,Wechat,1114498883,4
2019_1,Instagram,1036986444,5
2019_1,QZone,625003088,6
2019_1,TikTok,537579928,7
2019_1,Tumblr,482535129,8
2019_1,Weibo,457973148,9
2019_1,Google+,450059335,10
2019_2,Facebook,2332703773,1
2019_2,Youtube,1883690990,2
2019_2,Whatsapp,1609249748,3
2019_2,Wechat,1142954966,4
2019_2,Instagram,1042790958,5
2019_2,QZone,625864344,6
2019_2,TikTok,543679907,7
2019_2,Weibo,463747535,8
2019_2,Tumblr,449351201,9
2019_2,Reddit,364415928,10
2019_3,Facebook,2341894293,1
2019_3,Youtube,1850319668,2
2019_3,Whatsapp,1624129193,3
2019_3,Wechat,1160422282,4
2019_3,Instagram,1046473357,5
2019_3,QZone,626438514,6
2019_3,TikTok,547692836,7
2019_3,Weibo,467664361,8
2019_3,Tumblr,424632106,9
2019_3,Reddit,365466883,10
2019_4,Facebook,2351707292,1
2019_4,Youtube,1866304385,2
2019_4,Whatsapp,1639635218,3
2019_4,Wechat,1173285917,4
2019_4,Instagram,1049667074,5
2019_4,QZone,627012685,6
2019_4,TikTok,551544636,7
2019_4,Weibo,471646049,8
2019_4,Tumblr,398966129,9
2019_4,Reddit,366718023,10
2019_5,Facebook,2361776752,1
2019_5,Youtube,1881271593,2
2019_5,Whatsapp,1655100717,3
2019_5,Wechat,1181949806,4
2019_5,Instagram,1052479615,5
2019_5,QZone,627586855,6
2019_5,TikTok,555252019,7
2019_5,Weibo,475579423,8
2019_5,Tumblr,377774931,9
2019_5,Reddit,368107278,10
2019_6,Facebook,2372507041,1
2019_6,Youtube,1896099261,2
2019_6,Whatsapp,1671567899,3
2019_6,Wechat,1188765884,4
2019_6,Instagram,1055160948,5
2019_6,QZone,628161026,6
2019_6,TikTok,558980292,7
2019_6,Weibo,479697229,8
2019_6,Reddit,369797047,9
2019_6,Tumblr,358472291,10
2019_7,Facebook,2384885039,1
2019_7,Youtube,1910579002,2
2019_7,Whatsapp,1690532664,3
2019_7,Wechat,1190974647,4
2019_7,Instagram,1057515128,5
2019_7,QZone,628735196,6
2019_7,TikTok,562760650,7
2019_7,Weibo,484274895,8
2019_7,Reddit,372236115,9
2019_7,Tumblr,343878565,10
2019_8,Facebook,2398228986,1
2019_8,Youtube,1925520389,2
2019_8,Whatsapp,1711361751,3
2019_8,Wechat,1193043376,4
2019_8,Instagram,1059845135,5
2019_8,QZone,629309367,6
2019_8,TikTok,566614418,7
2019_8,Weibo,489205777,8
2019_8,Reddit,375119057,9
2019_8,Telegram,341889901,10
2019_9,Facebook,2415275354,1
2019_9,Youtube,1941754000,2
2019_9,Whatsapp,1739483153,3
2019_9,Wechat,1194448171,4
2019_9,Instagram,1061940412,5
2019_9,QZone,629883537,6
2019_9,TikTok,570589885,7
2019_9,Weibo,495453414,8
2019_9,Reddit,379868397,9
2019_9,Telegram,349455594,10
2019_10,Facebook,2431255305,1
2019_10,Youtube,1954871898,2
2019_10,Whatsapp,1766346261,3
2019_10,Wechat,1195313009,4
2019_10,Instagram,1063286512,5
2019_10,QZone,630457708,6
2019_10,TikTok,573612366,7
2019_10,Weibo,501108519,8
2019_10,Reddit,285029007,9
2019_10,Telegram,357645412,10
2019_11,Facebook,2447235255,1
2019_11,Youtube,1967989795,2
2019_11,Whatsapp,1793209369,3
2019_11,Wechat,1196177847,4
2019_11,Instagram,1064632611,5
2019_11,QZone,631031878,6
2019_11,TikTok,576634847,7
2019_11,Weibo,506763624,8
2019_11,Reddit,390189617,9
2019_11,Telegram,365835230,10
2019_12,Facebook,2463215206,1
2019_12,Youtube,1981107692,2
2019_12,Whatsapp,1820072477,3
2019_12,Wechat,1197042685,4
2019_12,Instagram,1065978710,5
2019_12,QZone,631606049,6
2019_12,TikTok,579657328,7
2019_12,Weibo,512418729,8
2019_12,Reddit,395350227,9
2019_12,Telegram,374025047,10
2020_1,Facebook,2488759516,1
2020_1,Youtube,2001568383,2
2020_1,Whatsapp,1862270563,3
2020_1,Wechat,1198276468,4
2020_1,Instagram,1068028280,5
2020_1,QZone,631201979,6
2020_1,TikTok,584357717,7
2020_1,Weibo,521217020,8
2020_1,Reddit,403628351,9
2020_1,Telegram,386391496,10
2020_2,Facebook,2504871672,1
2020_2,Youtube,2013930783,2
2020_2,Whatsapp,1887690897,3
2020_2,Wechat,1198876942,4
2020_2,Instagram,1065061123,5
2020_2,QZone,629137208,6
2020_2,TikTok,587201470,7
2020_2,Weibo,526415613,8
2020_2,Reddit,408811712,9
2020_2,Telegram,393246618,10
2020_3,Facebook,2518810460,1
2020_3,Youtube,2024978971,2
2020_3,Whatsapp,1907660127,3
2020_3,Wechat,1199382151,4
2020_3,Instagram,1061743190,5
2020_3,QZone,627072437,6
2020_3,TikTok,589870972,7
2020_3,Weibo,530502990,8
2020_3,Reddit,412848095,9
2020_3,Telegram,398815885,10
2020_4,Facebook,2535711882,1
2020_4,Youtube,2038793180,2
2020_4,Whatsapp,1930050936,3
2020_4,Wechat,1200004856,4
2020_4,Instagram,1066680501,5
2020_4,QZone,625007666,6
2020_4,TikTok,593328233,7
2020_4,Weibo,535107011,8
2020_4,Reddit,417311142,9
2020_4,Telegram,405415554,10
2020_5,Facebook,2552613304,1
2020_5,Youtube,2052607389,2
2020_5,Whatsapp,1952441744,3
2020_5,Wechat,1200627561,4
2020_5,Instagram,1071617813,5
2020_5,QZone,622942894,6
2020_5,TikTok,596785494,7
2020_5,Weibo,539711031,8
2020_5,Reddit,421774188,9
2020_5,Telegram,412015224,10
2020_6,Facebook,2574299806,1
2020_6,Youtube,2073256889,2
2020_6,Whatsapp,1974063155,3
2020_6,Wechat,1201598821,4
2020_6,Instagram,1079297721,5
2020_6,QZone,619854737,6
2020_6,TikTok,602594815,7
2020_6,Weibo,544343272,8
2020_6,Reddit,425677639,9
2020_6,Telegram,421169979,10
2020_7,Facebook,2580340055,1
2020_7,Youtube,2080116770,2
2020_7,Whatsapp,1977390690,3
2020_7,Wechat,1201934636,4
2020_7,Instagram,1081946516,5
2020_7,QZone,618813352,6
2020_7,TikTok,604733403,7
2020_7,Weibo,545150074,8
2020_7,Reddit,426073766,9
2020_7,Telegram,423980078,10
2020_8,Facebook,2592420552,1
2020_8,Youtube,2093836533,2
2020_8,Whatsapp,1984045760,3
2020_8,Wechat,1202606268,4
2020_8,Instagram,1087244105,5
2020_8,QZone,616748580,6
2020_8,TikTok,609010579,7
2020_8,Weibo,546763676,8
2020_8,Telegram,429600276,9
2020_8,Reddit,426866019,10
2020_9,Facebook,2604501050,1
2020_9,Youtube,2107556296,2
2020_9,Whatsapp,1990700830,3
2020_9,Wechat,1203277899,4
2020_9,Instagram,1092541694,5
2020_9,QZone,614683809,6
2020_9,TikTok,613287756,7
2020_9,Weibo,548377279,8
2020_9,Telegram,435220475,9
2020_9,Reddit,427658272,10
2020_10,Facebook,2616581547,1
2020_10,Youtube,2121276059,2
2020_10,Whatsapp,1997355900,3
2020_10,Wechat,1203949530,4
2020_10,Instagram,1097839283,5
2020_10,TikTok,617564932,6
2020_10,QZone,612619038,7
2020_10,Weibo,549990882,8
2020_10,Telegram,440840673,9
2020_10,Reddit,428450525,10
2020_11,Facebook,2628662044,1
2020_11,Youtube,2134995822,2
2020_11,Whatsapp,2004010970,3
2020_11,Wechat,1204621162,4
2020_11,Instagram,1103136873,5
2020_11,TikTok,621842108,6
2020_11,QZone,610554267,7
2020_11,Weibo,551604484,8
2020_11,Telegram,446460872,9
2020_11,Reddit,429242778,10
2020_12,Facebook,2646782790,1
2020_12,Youtube,2155575466,2
2020_12,Whatsapp,2013993576,3
2020_12,Wechat,1205628609,4
2020_12,Instagram,1111083257,5
2020_12,TikTok,628257872,6
2020_12,QZone,607457110,7
2020_12,Weibo,554024888,8
2020_12,Telegram,454891169,9
2020_12,Reddit,430431158,10
2021_1,Facebook,2658687200,1
2021_1,Youtube,2170807115,2
2021_1,Whatsapp,2018918241,3
2021_1,Wechat,1206349300,4
2021_1,Instagram,1120446697,5
2021_1,TikTok,633712413,6
2021_1,QZone,605392338,7
2021_1,Weibo,555282541,8
2021_1,Telegram,460792716,9
2021_1,Snapchat,437894566,10
2021_2,Facebook,2670379487,1
2021_2,Youtube,2187860064,2
2021_2,Whatsapp,2021758363,3
2021_2,Wechat,1207129091,4
2021_2,Instagram,1134708088,5
2021_2,TikTok,640585273,6
2021_2,QZone,603327567,7
2021_2,Weibo,556111395,8
2021_2,Telegram,467033189,9
2021_2,Snapchat,447148453,10
2021_3,Facebook,2682071774,1
2021_3,Youtube,2204913014,2
2021_3,Whatsapp,2024598486,3
2021_3,Wechat,1207908882,4
2021_3,Instagram,1148969479,5
2021_3,TikTok,647458133,6
2021_3,QZone,601262796,7
2021_3,Weibo,556940250,8
2021_3,Telegram,473273662,9
2021_3,Snapchat,456402340,10
2021_4,Facebook,2693103393,1
2021_4,Youtube,2221139226,2
2021_4,Whatsapp,2027270953,3
2021_4,Wechat,1208683965,4
2021_4,Instagram,1162719346,5
2021_4,TikTok,654241276,6
2021_4,QZone,599198025,7
2021_4,Weibo,557709399,8
2021_4,Telegram,479051438,9
2021_4,Snapchat,465035390,10
2021_5,Facebook,2704429369,1
2021_5,Youtube,2238111239,2
2021_5,Whatsapp,2030235441,3
2021_5,Wechat,1209797813,4
2021_5,Instagram,1177184480,5
2021_5,TikTok,662964850,6
2021_5,QZone,597133253,7
2021_5,Weibo,558488090,8
2021_5,Telegram,484296607,9
2021_5,Snapchat,473196678,10
2021_6,Facebook,2720124583,1
2021_6,Youtube,2261529664,2
2021_6,Whatsapp,2034872308,3
2021_6,Wechat,1211815914,4
2021_6,Instagram,1196296436,5
2021_6,TikTok,677210431,6
2021_6,QZone,595068482,7
2021_6,Weibo,559617390,8
2021_6,Telegram,490685847,9
2021_6,Snapchat,483522943,10
2021_7,Facebook,2735819796,1
2021_7,Youtube,2284948089,2
2021_7,Whatsapp,2039509174,3
2021_7,Instagram,1215408392,4
2021_7,Wechat,1213834014,5
2021_7,TikTok,691456012,6
2021_7,QZone,593003711,7
2021_7,Weibo,560746691,8
2021_7,Telegram,497075087,9
2021_7,Snapchat,493849207,10
2021_8,Facebook,2751515009,1
2021_8,Youtube,2308366513,2
2021_8,Whatsapp,2044146040,3
2021_8,Instagram,1234520347,4
2021_8,Wechat,1215852115,5
2021_8,TikTok,705701594,6
2021_8,QZone,590938940,7
2021_8,Weibo,561875992,8
2021_8,Snapchat,504175472,9
2021_8,Telegram,503464327,10
2021_9,Facebook,2777158415,1
2021_9,Youtube,2347553292,2
2021_9,Whatsapp,2052327279,3
2021_9,Instagram,1267130398,4
2021_9,Wechat,1221348039,5
2021_9,TikTok,739290233,6
2021_9,QZone,587841783,7
2021_9,Weibo,563694782,8
2021_9,Snapchat,519620637,9
2021_9,Telegram,512630586,10
2021_10,Facebook,2786747836,1
2021_10,Youtube,2362628360,2
2021_10,Whatsapp,2055662266,3
2021_10,Instagram,1279955194,4
2021_10,Wechat,1224404206,5
2021_10,TikTok,756546117,6
2021_10,QZone,586809397,7
2021_10,Weibo,564362950,8
2021_10,Snapchat,524747091,9
2021_10,Telegram,515478929,10
2021_11,Facebook,2805926678,1
2021_11,Youtube,2392778497,2
2021_11,Whatsapp,2062332239,3
2021_11,Instagram,1305604787,4
2021_11,Wechat,1230516539,5
2021_11,TikTok,791057885,6
2021_11,QZone,584744626,7
2021_11,Weibo,565699284,8
2021_11,Snapchat,535000000,9
2021_11,Telegram,521175616,10
2021_12,Facebook,2834694940,1
2021_12,Youtube,2438003703,2
2021_12,Whatsapp,2072337200,3
2021_12,Instagram,1344079177,4
2021_12,Wechat,1239685038,5
2021_12,TikTok,842825537,6
2021_12,QZone,581647469,7
2021_12,Weibo,567703785,8
2021_12,Snapchat,550379364,9
2021_12,Telegram,529720646,10
2022_1,Facebook,2854730226,1
2022_1,Youtube,2469837388,2
2022_1,Whatsapp,2079411259,3
2022_1,Instagram,1371493386,4
2022_1,Wechat,1246572612,5
2022_1,TikTok,881345898,6
2022_1,QZone,579582698,7
2022_1,Weibo,569087474,8
2022_1,Snapchat,560720511,9
2022_1,Telegram,535305346,10
2022_2,Facebook,2875911561,1
2022_2,Youtube,2503923905,2
2022_2,Whatsapp,2087026044,3
2022_2,Instagram,1401268910,4
2022_2,Wechat,1254497572,5
2022_2,TikTok,925230343,6
2022_2,QZone,577517926,7
2022_2,Snapchat,571179734,8
2022_2,Weibo,570534529,9
2022_2,Telegram,540740192,10
2022_3,Facebook,2897092895,1
2022_3,Youtube,2538010422,2
2022_3,Whatsapp,2094640829,3
2022_3,Instagram,1431044434,4
2022_3,Wechat,1262422532,5
2022_3,TikTok,969114788,6
2022_3,Snapchat,581638956,7
2022_3,QZone,575453155,8
2022_3,Weibo,571981584,9
2022_3,Telegram,546175037,10
2022_4,Facebook,2913450424,1
2022_4,Youtube,2560486514,2
2022_4,Whatsapp,2096846905,3
2022_4,Instagram,1469278960,4
2022_4,Wechat,1269292769,5
2022_4,TikTok,1001608078,6
2022_4,Snapchat,590450424,7
2022_4,QZone,574000000,8
2022_4,Weibo,573346840,9
2022_4,Telegram,554729642,10
2022_5,Facebook,2918346946,1
2022_5,Youtube,2555377100,2
2022_5,Whatsapp,2086202291,3
2022_5,Instagram,1527611445,4
2022_5,Wechat,1273657061,5
2022_5,TikTok,1007036832,6
2022_5,Snapchat,595346946,7
2022_5,Weibo,574517748,8
2022_5,QZone,574000000,9
2022_5,Telegram,570696563,10
2022_6,Facebook,2923243469,1
2022_6,Youtube,2550267685,2
2022_6,Whatsapp,2075557677,3
2022_6,Instagram,1585943930,4
2022_6,Wechat,1278021352,5
2022_6,TikTok,1012465585,6
2022_6,Snapchat,600243469,7
2022_6,Telegram,586663484,8
2022_6,Weibo,575688656,9
2022_6,QZone,574000000,10
2022_7,Facebook,2930588252,1
2022_7,Youtube,2542603563,2
2022_7,Whatsapp,2059590756,3
2022_7,Instagram,1673442658,4
2022_7,Wechat,1284567790,5
2022_7,TikTok,1020608714,6
2022_7,Snapchat,610613866,7
2022_7,Telegram,607588252,8
2022_7,Weibo,577445017,9
2022_7,QZone,574000000,10
2022_8,Facebook,2933036514,1
2022_8,Youtube,2540048855,2
2022_8,Whatsapp,2054268449,3
2022_8,Instagram,1702608900,4
2022_8,Wechat,1286749936,5
2022_8,TikTok,1023323091,6
2022_8,Telegram,618597327,7
2022_8,Snapchat,610036514,8
2022_8,Weibo,578030471,9
2022_8,QZone,574000000,10
2022_9,Facebook,2937933036,1
2022_9,Youtube,2534939441,2
2022_9,Whatsapp,2043623835,3
2022_9,Instagram,1760941385,4
2022_9,Wechat,1291114228,5
2022_9,TikTok,1028751844,6
2022_9,Telegram,634564248,7
2022_9,Snapchat,614933036,8
2022_9,Weibo,579201378,9
2022_9,QZone,574000000,10
2022_10,Facebook,2942829558,1
2022_10,Youtube,2529830026,2
2022_10,Whatsapp,2032979221,3
2022_10,Instagram,1819273871,4
2022_10,Wechat,1295478520,5
2022_10,TikTok,1034180597,6
2022_10,Telegram,650531169,7
2022_10,Snapchat,619829558,8
2022_10,Weibo,580372286,9
2022_10,QZone,574000000,10
2022_11,Facebook,2950174342,1
2022_11,Youtube,2522165904,2
2022_11,Whatsapp,2017012300,3
2022_11,Instagram,1906772598,4
2022_11,Wechat,1302024957,5
2022_11,TikTok,1042323727,6
2022_11,Telegram,674481551,7
2022_11,Snapchat,627174342,8
2022_11,Weibo,582128647,9
2022_11,QZone,574000000,10
2022_12,Facebook,2955070865,1
2022_12,Youtube,2517056489,2
2022_12,Whatsapp,2006367685,3
2022_12,Instagram,1965105083,4
2022_12,Wechat,1306389249,5
2022_12,TikTok,1047752480,6
2022_12,Telegram,690448472,7
2022_12,Snapchat,632070865,8
2022_12,Weibo,583299555,9
2022_12,QZone,574000000,10
2023_1,Facebook,2960919004,1
2023_1,Youtube,2513262230,2
2023_1,Instagram,2000000000,3
2023_1,Whatsapp,2000000000,4
2023_1,Wechat,1309866078,5
2023_1,TikTok,1067391329,6
2023_1,Telegram,703207696,7
2023_1,Snapchat,638688851,8
2023_1,Weibo,584359262,9
2023_1,QZone,574000000,10
2023_2,Facebook,2968183953,1
2023_2,Youtube,2511426034,2
2023_2,Instagram,2000000000,3
2023_2,Whatsapp,2000000000,4
2023_2,Wechat,1312021612,5
2023_2,TikTok,1108186812,6
2023_2,Telegram,711191157,7
2023_2,Snapchat,647869831,8
2023_2,Weibo,585253410,9
2023_2,QZone,574000000,10
2023_3,Facebook,2975448902,1
2023_3,Youtube,2509589838,2
2023_3,Instagram,2000000000,3
2023_3,Whatsapp,2000000000,4
2023_3,Wechat,1314177147,5
2023_3,TikTok,1148982296,6
2023_3,Telegram,719174618,7
2023_3,Snapchat,657050810,8
2023_3,Weibo,586147557,9
2023_3,QZone,574000000,10
2023_4,Facebook,2982713851,1
2023_4,Youtube,2507753642,2
2023_4,Instagram,2000000000,3
2023_4,Whatsapp,2000000000,4
2023_4,Wechat,1316332681,5
2023_4,TikTok,1189777779,6
2023_4,Telegram,727158078,7
2023_4,Snapchat,666231790,8
2023_4,Weibo,587041705,9
2023_4,QZone,574000000,10
2023_5,Facebook,2989978800,1
2023_5,Youtube,2505917446,2
2023_5,Instagram,2000000000,3
2023_5,Whatsapp,2000000000,4
2023_5,Wechat,1318488215,5
2023_5,TikTok,1230573263,6
2023_5,Telegram,735141539,7
2023_5,Snapchat,675412769,8
2023_5,Weibo,587935852,9
2023_5,QZone,574000000,10
2023_6,Facebook,2997243749,1
2023_6,Youtube,2504081250,2
2023_6,Instagram,2000000000,3
2023_6,Whatsapp,2000000000,4
2023_6,Wechat,1320643750,5
2023_6,TikTok,1271368746,6
2023_6,Telegram,743124999,7
2023_6,Snapchat,684593749,8
2023_6,Weibo,588830000,9
2023_6,QZone,574000000,10
2023_7,Facebook,3004508698,1
2023_7,Youtube,2502245054,2
2023_7,Instagram,2000000000,3
2023_7,Whatsapp,2000000000,4
2023_7,Wechat,1322799284,5
2023_7,TikTok,1312164230,6
2023_7,Telegram,751108460,7
2023_7,Snapchat,693774729,8
2023_7,Weibo,589724147,9
2023_7,Twitter/X,575975445,10
2023_8,Facebook,3011773648,1
2023_8,Youtube,2500408858,2
2023_8,Instagram,2000000000,3
2023_8,Whatsapp,2000000000,4
2023_8,TikTok,1352959713,5
2023_8,Wechat,1324954818,6
2023_8,Telegram,759091920,7
2023_8,Snapchat,702955708,8
2023_8,Weibo,590618295,9
2023_8,Twitter/X,583000890,10
2023_9,Facebook,3019038597,1
2023_9,Youtube,2498572662,2
2023_9,Instagram,2000000000,3
2023_9,Whatsapp,2000000000,4
2023_9,TikTok,1393755196,5
2023_9,Wechat,1327110353,6
2023_9,Telegram,767075381,7
2023_9,Snapchat,712136688,8
2023_9,Weibo,591512443,9
2023_9,Twitter/X,590026335,10
2023_10,Facebook,3026303546,1
2023_10,Youtube,2496736466,2
2023_10,Instagram,2000000000,3
2023_10,Whatsapp,2000000000,4
2023_10,TikTok,1434550680,5
2023_10,Wechat,1329265887,6
2023_10,Telegram,775058841,7
2023_10,Snapchat,721317668,8
2023_10,Twitter/X,597051781,9
2023_10,Weibo,592406590,10
2023_11,Facebook,3037200969,1
2023_11,Youtube,2493982173,2
2023_11,Instagram,2000000000,3
2023_11,Whatsapp,2000000000,4
2023_11,TikTok,1495743905,5
2023_11,Wechat,1332499189,6
2023_11,Telegram,787034032,7
2023_11,Snapchat,735089137,8
2023_11,Twitter/X,607589948,9
2023_11,Weibo,593747812,10
2023_12,Facebook,3044465919,1
2023_12,Youtube,2492145977,2
2023_12,Instagram,2000000000,3
2023_12,Whatsapp,2000000000,4
2023_12,TikTok,1536539389,5
2023_12,Wechat,1334654723,6
2023_12,Telegram,795017493,7
2023_12,Snapchat,744270117,8
2023_12,Twitter/X,614615394,9
2023_12,Weibo,594641959,10
2024_1,Facebook,3050920610,1
2024_1,Youtube,2492560496,2
2024_1,Instagram,2012003814,3
2024_1,Whatsapp,2010503337,4
2024_1,TikTok,1564400763,5
2024_1,Wechat,1335219752,6
2024_1,Telegram,803000953,7
2024_1,Snapchat,751500477,8
2024_1,Twitter/X,618039695,9
2024_1,Weibo,595536107,10
2024_2,Facebook,3056030025,1
2024_2,Youtube,2496711895,2
2024_2,Whatsapp,2043937656,3
2024_2,Instagram,2038445449,4
2024_2,TikTok,1570787531,5
2024_2,Wechat,1333144052,6
2024_2,Telegram,810984414,7
2024_2,Snapchat,755492207,8
2024_2,Twitter/X,615484988,9
2024_2,Weibo,596430254,10
2024_3,Facebook,3061139440,1
2024_3,Youtube,2500863295,2
2024_3,Whatsapp,2075871498,3
2024_3,Instagram,2066387561,4
2024_3,TikTok,1577174300,5
2024_3,Wechat,1331068353,6
2024_3,Telegram,818967875,7
2024_3,Snapchat,759483937,8
2024_3,Twitter/X,612930280,9
2024_3,Weibo,597324402,10
2024_4,Facebook,3065078053,1
2024_4,Youtube,2509099489,2
2024_4,Whatsapp,2107805340,3
2024_4,Instagram,2094329673,4
2024_4,TikTok,1584289567,5
2024_4,Wechat,1328992653,6
2024_4,Telegram,826951335,7
2024_4,Snapchat,763475668,8
2024_4,Twitter/X,610713804,9
2024_4,Weibo,597739822,10
2024_5,Facebook,3065397392,1
2024_5,Youtube,2529962933,2
2024_5,Whatsapp,2139739183,3
2024_5,Instagram,2122271785,4
2024_5,TikTok,1593656827,5
2024_5,Wechat,1326916953,6
2024_5,Telegram,834934796,7
2024_5,Snapchat,767467398,8
2024_5,Twitter/X,609542897,9
2024_5,Weibo,596675361,10
2024_6,Facebook,3065716730,1
2024_6,Youtube,2550826376,2
2024_6,Whatsapp,2171673025,3
2024_6,Instagram,2150213897,4
2024_6,TikTok,1603024087,5
2024_6,Wechat,1324841253,6
2024_6,Telegram,842918256,7
2024_6,Snapchat,771459128,8
2024_6,Twitter/X,608371989,9
2024_6,Weibo,595610899,10
2024_7,Facebook,3066036069,1
2024_7,Youtube,2571689820,2
2024_7,Whatsapp,2203606867,3
2024_7,Instagram,2178156009,4
2024_7,TikTok,1612391348,5
2024_7,Wechat,1322765554,6
2024_7,Telegram,850901717,7
2024_7,Snapchat,775450858,8
2024_7,Twitter/X,607201082,9
2024_7,Weibo,594546438,10
2024_8,Facebook,3066355407,1
2024_8,Youtube,2592553263,2
2024_8,Whatsapp,2235540709,3
2024_8,Instagram,2206098121,4
2024_8,TikTok,1621758608,5
2024_8,Wechat,1320689854,6
2024_8,Telegram,858885177,7
2024_8,Snapchat,779442589,8
2024_8,Twitter/X,606030174,9
2024_8,Weibo,593481976,10
2024_9,Facebook,3066674746,1
2024_9,Youtube,2613416707,2
2024_9,Whatsapp,2267474552,3
2024_9,Instagram,2234040233,4
2024_9,TikTok,1631125868,5
2024_9,Wechat,1318614154,6
2024_9,Telegram,866868638,7
2024_9,Snapchat,783434319,8
2024_9,Twitter/X,604859266,9
2024_9,Weibo,592417515,10
2024_10,Facebook,3067153753,1
2024_10,Youtube,2644711872,2
2024_10,Whatsapp,2315375315,3
2024_10,Instagram,2275953401,4
2024_10,TikTok,1645176759,5
2024_10,Wechat,1315500605,6
2024_10,Telegram,878843829,7
2024_10,Snapchat,789421914,8
2024_10,Twitter/X,603102905,9
2024_10,Weibo,590820823,10
2024_11,Facebook,3067473092,1
2024_11,Youtube,2665575316,2
2024_11,Whatsapp,2347309157,3
2024_11,Instagram,2303895513,4
2024_11,TikTok,1654544019,5
2024_11,Wechat,1313424905,6
2024_11,Telegram,886827289,7
2024_11,Snapchat,793413645,8
2024_11,Twitter/X,601931998,9
2024_11,Weibo,589756361,10
2024_12,Facebook,3067792430,1
2024_12,Youtube,2686438760,2
2024_12,Whatsapp,2379242999,3
2024_12,Instagram,2331837625,4
2024_12,TikTok,1663911280,5
2024_12,Wechat,1311349205,6
2024_12,Telegram,894810750,7
2024_12,Snapchat,797405375,8
2024_12,Twitter/X,600761090,9
2024_12,Weibo,588691900,10
2025_1,Facebook,3068000000,1
2025_1,Youtube,2700000000,2
2025_1,Whatsapp,2400000000,3
2025_1,Instagram,2350000000,4
2025_1,TikTok,1670000000,5
2025_1,Wechat,1310000000,6
2025_1,Telegram,900000000,7
2025_1,Snapchat,800000000,8
2025_1,Twitter/X,600000000,9
2025_1,Weibo,588000000,10